<ImportExportXml version="9.1.0.4834" SolutionPackageVersion="9.1" languagecode="1033" generatedBy="CrmLive" xmlns:xsi="http://www.w3.org/2001/XMLSchema-instance">
  <SolutionManifest>
    <UniqueName>WoWDKPEPGPsystem</UniqueName>
    <LocalizedNames>
      <LocalizedName description="WoW DKP EPGP system" languagecode="1033" />
    </LocalizedNames>
    <Descriptions />
    <Version>1.0.0.0</Version>
    <Managed>0</Managed>
    <Publisher>
      <UniqueName>worldofwarcraftclassic</UniqueName>
      <LocalizedNames>
        <LocalizedName description="World of Warcraft Classic" languagecode="1033" />
      </LocalizedNames>
      <Descriptions />
      <EMailAddress xsi:nil="true"></EMailAddress>
      <SupportingWebsiteUrl xsi:nil="true"></SupportingWebsiteUrl>
      <CustomizationPrefix>wowc</CustomizationPrefix>
      <CustomizationOptionValuePrefix>25726</CustomizationOptionValuePrefix>
      <Addresses>
        <Address>
          <AddressNumber>1</AddressNumber>
          <AddressTypeCode>1</AddressTypeCode>
          <City xsi:nil="true"></City>
          <County xsi:nil="true"></County>
          <Country xsi:nil="true"></Country>
          <Fax xsi:nil="true"></Fax>
          <FreightTermsCode xsi:nil="true"></FreightTermsCode>
          <ImportSequenceNumber xsi:nil="true"></ImportSequenceNumber>
          <Latitude xsi:nil="true"></Latitude>
          <Line1 xsi:nil="true"></Line1>
          <Line2 xsi:nil="true"></Line2>
          <Line3 xsi:nil="true"></Line3>
          <Longitude xsi:nil="true"></Longitude>
          <Name xsi:nil="true"></Name>
          <PostalCode xsi:nil="true"></PostalCode>
          <PostOfficeBox xsi:nil="true"></PostOfficeBox>
          <PrimaryContactName xsi:nil="true"></PrimaryContactName>
          <ShippingMethodCode>1</ShippingMethodCode>
          <StateOrProvince xsi:nil="true"></StateOrProvince>
          <Telephone1 xsi:nil="true"></Telephone1>
          <Telephone2 xsi:nil="true"></Telephone2>
          <Telephone3 xsi:nil="true"></Telephone3>
          <TimeZoneRuleVersionNumber xsi:nil="true"></TimeZoneRuleVersionNumber>
          <UPSZone xsi:nil="true"></UPSZone>
          <UTCOffset xsi:nil="true"></UTCOffset>
          <UTCConversionTimeZoneCode xsi:nil="true"></UTCConversionTimeZoneCode>
        </Address>
        <Address>
          <AddressNumber>2</AddressNumber>
          <AddressTypeCode>1</AddressTypeCode>
          <City xsi:nil="true"></City>
          <County xsi:nil="true"></County>
          <Country xsi:nil="true"></Country>
          <Fax xsi:nil="true"></Fax>
          <FreightTermsCode xsi:nil="true"></FreightTermsCode>
          <ImportSequenceNumber xsi:nil="true"></ImportSequenceNumber>
          <Latitude xsi:nil="true"></Latitude>
          <Line1 xsi:nil="true"></Line1>
          <Line2 xsi:nil="true"></Line2>
          <Line3 xsi:nil="true"></Line3>
          <Longitude xsi:nil="true"></Longitude>
          <Name xsi:nil="true"></Name>
          <PostalCode xsi:nil="true"></PostalCode>
          <PostOfficeBox xsi:nil="true"></PostOfficeBox>
          <PrimaryContactName xsi:nil="true"></PrimaryContactName>
          <ShippingMethodCode>1</ShippingMethodCode>
          <StateOrProvince xsi:nil="true"></StateOrProvince>
          <Telephone1 xsi:nil="true"></Telephone1>
          <Telephone2 xsi:nil="true"></Telephone2>
          <Telephone3 xsi:nil="true"></Telephone3>
          <TimeZoneRuleVersionNumber xsi:nil="true"></TimeZoneRuleVersionNumber>
          <UPSZone xsi:nil="true"></UPSZone>
          <UTCOffset xsi:nil="true"></UTCOffset>
          <UTCConversionTimeZoneCode xsi:nil="true"></UTCConversionTimeZoneCode>
        </Address>
      </Addresses>
    </Publisher>
    <RootComponents>
      <RootComponent type="1" schemaName="account" behavior="1" />
      <RootComponent type="1" schemaName="contact" behavior="1" />
      <RootComponent type="1" schemaName="letter" behavior="1" />
      <RootComponent type="1" schemaName="phonecall" behavior="1" />
      <RootComponent type="1" schemaName="task" behavior="1" />
      <RootComponent type="1" schemaName="wowc_loot" behavior="0" />
      <RootComponent type="9" schemaName="connectionrole_category" behavior="0" />
      <RootComponent type="9" schemaName="wowc_classspecmodifier" behavior="0" />
      <RootComponent type="9" schemaName="wowc_efforttype" behavior="0" />
      <RootComponent type="9" schemaName="wowc_raiderclass" behavior="0" />
      <RootComponent type="9" schemaName="wowc_rarity" behavior="0" />
      <RootComponent type="9" schemaName="wowc_slot" behavior="0" />
      <RootComponent type="20" id="{6c6c9221-8c78-e911-a81a-000d3a1f0599}" behavior="0" />
      <RootComponent type="29" id="{2ec24b86-be72-e911-a818-000d3a36fe11}" behavior="0" />
      <RootComponent type="29" id="{4d130b2f-2bc9-4934-8822-0328f1dbd456}" behavior="0" />
      <RootComponent type="29" id="{ce56d7ee-bc72-e911-a818-000d3a36fe11}" behavior="0" />
      <RootComponent type="29" id="{d69387dc-cd72-e911-a818-000d3a36fe11}" behavior="0" />
      <RootComponent type="60" id="{098ae145-1567-41ec-8398-86dbaac70c9b}" />
      <RootComponent type="60" id="{16654191-19ad-48ca-9e46-c4b4fbdad76f}" />
      <RootComponent type="60" id="{1fac7e2e-0b1c-4b6c-ab92-8af0f92dbdbc}" />
      <RootComponent type="60" id="{1fed44d1-ae68-4a41-bd2b-f13acac4acfa}" />
      <RootComponent type="60" id="{2205c86d-ed88-4a2f-a447-3b86a8781f2e}" />
      <RootComponent type="60" id="{26091a7a-d633-4077-ab3c-9e3bee5e0d73}" behavior="0" />
      <RootComponent type="60" id="{293c878f-f068-40a0-ae48-4297e060871c}" />
      <RootComponent type="60" id="{29de27bc-a257-4f29-99cf-bab4a84e688f}" />
      <RootComponent type="60" id="{3d22ab88-96c8-4b3f-a533-d4827e2925c9}" />
      <RootComponent type="60" id="{43300723-f867-420b-ab28-976a4d12e6c4}" />
      <RootComponent type="60" id="{5e9725e4-5449-4363-8c1c-5ae71767af34}" />
      <RootComponent type="60" id="{661157fe-2fc9-4eaa-835f-5bfa2f7b64f7}" />
      <RootComponent type="60" id="{69cff312-cfb6-4289-9631-249ab85d2c62}" />
      <RootComponent type="60" id="{707fc57b-c5e6-471b-a180-e37ed28a38e2}" />
      <RootComponent type="60" id="{7532e45f-0ab7-4ddf-9c4a-99a8fbe3bce9}" behavior="0" />
      <RootComponent type="60" id="{7bb87dfd-ec3e-4ed9-8e3e-5725d3067295}" />
      <RootComponent type="60" id="{81a89014-442c-44ad-9725-4077426a7fee}" />
      <RootComponent type="60" id="{8448b78f-8f42-454e-8e2a-f8196b0419af}" />
      <RootComponent type="60" id="{8bc252da-ac64-4c75-9210-3a56cf4065de}" behavior="0" />
      <RootComponent type="60" id="{a1c8a6dc-8804-4019-9c78-7dbe86560ea1}" />
      <RootComponent type="60" id="{a72c7955-442b-4ea4-9499-b10cd18b4256}" />
      <RootComponent type="60" id="{b028db32-3619-48a5-ac51-cf3f947b0ef3}" />
      <RootComponent type="60" id="{bc0f68dd-a4b1-4a8f-bed3-c8f5db2f89cf}" />
      <RootComponent type="60" id="{bdb0ae1c-32fa-4374-b637-8dafe107bc44}" />
      <RootComponent type="60" id="{c9e7ec2d-efca-4e4c-b3e3-f63c4bba5e4b}" />
      <RootComponent type="60" id="{cb430327-bcc1-416d-959d-db7592e685af}" />
      <RootComponent type="60" id="{cc760212-3eab-4009-b5c3-ea9cf6f3e141}" />
      <RootComponent type="60" id="{cccff382-2b92-467e-bf1b-3db179512af8}" />
      <RootComponent type="60" id="{cdbb9298-3b2e-41f3-8f4a-0168d6b09fc4}" />
      <RootComponent type="60" id="{d5b4a1b2-de4f-4f86-8768-b0730001e7d1}" />
      <RootComponent type="60" id="{d6784cb8-bc33-4fcc-a9a9-3dc5b46ea9c6}" />
      <RootComponent type="60" id="{d880c3cf-80e2-42f3-82f9-24d040d09f17}" />
      <RootComponent type="60" id="{f3b707fb-3b5f-45f9-9c6b-5e573bb5d19e}" />
      <RootComponent type="61" schemaName="wowc_EffortPointJS" behavior="0" />
      <RootComponent type="61" schemaName="wowc_GearPointJS" behavior="0" />
      <RootComponent type="61" schemaName="wowc_WoWClassicIcon" behavior="0" />
      <RootComponent type="61" schemaName="wowc_WoWTriggerRaidMemberRollups" behavior="0" />
      <RootComponent type="62" schemaName="CRMHub" behavior="0" />
      <RootComponent type="62" behavior="0" />
    </RootComponents>
    <MissingDependencies>
      <MissingDependency>
        <Required key="0" type="1" schemaName="msdyn_upgraderun" displayName="Upgrade Run" solution="SolutionUpgradeInfrastructure (2.6.0.0)" />
        <Dependent key="1" type="62" />
      </MissingDependency>
      <MissingDependency>
        <Required key="2" type="1" schemaName="mbs_pluginprofile" displayName="Plug-in Profile" solution="PluginProfiler (2.0.0.0)" />
        <Dependent key="1" type="62" />
      </MissingDependency>
      <MissingDependency>
        <Required key="3" type="1" schemaName="msdyn_solutionhistory" displayName="Solution History" solution="SolutionHistoryAPIs (9.1.0.7)" />
        <Dependent key="1" type="62" />
      </MissingDependency>
      <MissingDependency>
        <Required key="4" type="1" schemaName="msdyn_postconfig" displayName="Post Configuration" solution="ActivityFeedsCore (9.0.0.0)" />
        <Dependent key="1" type="62" />
      </MissingDependency>
      <MissingDependency>
        <Required key="5" type="1" schemaName="product" displayName="Product" solution="msdynce_ProductManagement (9.0.4.0066)" />
        <Dependent key="1" type="62" />
      </MissingDependency>
      <MissingDependency>
        <Required key="6" type="1" schemaName="msdyn_postruleconfig" displayName="Post Rule Configuration" solution="ActivityFeedsCore (9.0.0.0)" />
        <Dependent key="1" type="62" />
      </MissingDependency>
      <MissingDependency>
        <Required key="7" type="1" schemaName="equipment" displayName="Equipment" solution="msdynce_Service (9.0.5.56)" />
        <Dependent key="8" type="60" displayName="WoW Item" parentDisplayName="Equipment" id="{8bc252da-ac64-4c75-9210-3a56cf4065de}" />
      </MissingDependency>
      <MissingDependency>
        <Required key="7" type="1" schemaName="equipment" displayName="Equipment" solution="msdynce_Service (9.0.5.56)" />
        <Dependent key="9" type="62" schemaName="CRMHub" />
      </MissingDependency>
      <MissingDependency>
        <Required key="10" type="1" schemaName="opportunity" displayName="Opportunity" solution="msdynce_Sales (9.0.4.0076)" />
        <Dependent key="11" type="60" displayName="AI for Sales" parentDisplayName="#Raid Member" id="{293c878f-f068-40a0-ae48-4297e060871c}" />
      </MissingDependency>
      <MissingDependency>
        <Required key="12" type="2" schemaName="originatingleadid" displayName="Originating Lead" parentSchemaName="contact" parentDisplayName="#Raid Member" solution="msdynce_LeadManagement (9.0.4.0066)" />
        <Dependent key="11" type="60" displayName="AI for Sales" parentDisplayName="#Raid Member" id="{293c878f-f068-40a0-ae48-4297e060871c}" />
      </MissingDependency>
      <MissingDependency>
        <Required key="13" type="2" schemaName="wowc_classspecmodifier" displayName="Class/Spec Modifier" parentSchemaName="equipment" parentDisplayName="Equipment" solution="Active" />
        <Dependent key="8" type="60" displayName="WoW Item" parentDisplayName="Equipment" id="{8bc252da-ac64-4c75-9210-3a56cf4065de}" />
      </MissingDependency>
      <MissingDependency>
        <Required key="14" type="2" schemaName="wowc_ilvl" displayName="ilvl" parentSchemaName="equipment" parentDisplayName="Equipment" solution="Active" />
        <Dependent key="8" type="60" displayName="WoW Item" parentDisplayName="Equipment" id="{8bc252da-ac64-4c75-9210-3a56cf4065de}" />
      </MissingDependency>
      <MissingDependency>
        <Required key="15" type="2" schemaName="timezonecode" displayName="Time Zone" parentSchemaName="equipment" parentDisplayName="Equipment" solution="msdynce_Service (9.0.5.56)" />
        <Dependent key="8" type="60" displayName="WoW Item" parentDisplayName="Equipment" id="{8bc252da-ac64-4c75-9210-3a56cf4065de}" />
      </MissingDependency>
      <MissingDependency>
        <Required key="16" type="2" schemaName="businessunitid" displayName="Business Unit Id" parentSchemaName="equipment" parentDisplayName="Equipment" solution="msdynce_Service (9.0.5.56)" />
        <Dependent key="8" type="60" displayName="WoW Item" parentDisplayName="Equipment" id="{8bc252da-ac64-4c75-9210-3a56cf4065de}" />
      </MissingDependency>
      <MissingDependency>
        <Required key="17" type="2" schemaName="wowc_itemid" displayName="Item ID" parentSchemaName="equipment" parentDisplayName="Equipment" solution="Active" />
        <Dependent key="8" type="60" displayName="WoW Item" parentDisplayName="Equipment" id="{8bc252da-ac64-4c75-9210-3a56cf4065de}" />
      </MissingDependency>
      <MissingDependency>
        <Required key="18" type="2" schemaName="name" displayName="Name" parentSchemaName="equipment" parentDisplayName="Equipment" solution="msdynce_Service (9.0.5.56)" />
        <Dependent key="8" type="60" displayName="WoW Item" parentDisplayName="Equipment" id="{8bc252da-ac64-4c75-9210-3a56cf4065de}" />
      </MissingDependency>
      <MissingDependency>
        <Required key="19" type="2" schemaName="wowc_slot" displayName="Slot" parentSchemaName="equipment" parentDisplayName="Equipment" solution="Active" />
        <Dependent key="8" type="60" displayName="WoW Item" parentDisplayName="Equipment" id="{8bc252da-ac64-4c75-9210-3a56cf4065de}" />
      </MissingDependency>
      <MissingDependency>
        <Required key="20" type="2" schemaName="wowc_rarity" displayName="Rarity" parentSchemaName="equipment" parentDisplayName="Equipment" solution="Active" />
        <Dependent key="8" type="60" displayName="WoW Item" parentDisplayName="Equipment" id="{8bc252da-ac64-4c75-9210-3a56cf4065de}" />
      </MissingDependency>
      <MissingDependency>
        <Required key="12" type="2" schemaName="originatingleadid" displayName="Originating Lead" parentSchemaName="contact" parentDisplayName="#Raid Member" solution="msdynce_LeadManagement (9.0.4.0066)" />
        <Dependent key="21" type="60" displayName="Contact for Interactive experience" parentDisplayName="#Raid Member" id="{cc760212-3eab-4009-b5c3-ea9cf6f3e141}" />
      </MissingDependency>
      <MissingDependency>
        <Required key="22" type="26" schemaName="Contacts Who May Have Left Company" displayName="Contacts Who May Have Left Company" parentSchemaName="contact" parentDisplayName="#Raid Member" solution="msdyn_LinkedInExtensions (9.0.0.2331)" id="{973e2d26-653a-e911-8185-000d3a070f2c}" />
        <Dependent key="22" type="26" schemaName="Contacts Who May Have Left Company" displayName="Contacts Who May Have Left Company" parentSchemaName="contact" parentDisplayName="#Raid Member" id="{973e2d26-653a-e911-8185-000d3a070f2c}" />
      </MissingDependency>
      <MissingDependency>
        <Required key="23" type="26" schemaName="My Contacts Who May Have Left Company" displayName="My Contacts Who May Have Left Company" parentSchemaName="contact" parentDisplayName="#Raid Member" solution="msdyn_LinkedInExtensions (9.0.0.2331)" id="{1d3a0a34-653a-e911-8185-000d3a070f2c}" />
        <Dependent key="23" type="26" schemaName="My Contacts Who May Have Left Company" displayName="My Contacts Who May Have Left Company" parentSchemaName="contact" parentDisplayName="#Raid Member" id="{1d3a0a34-653a-e911-8185-000d3a070f2c}" />
      </MissingDependency>
      <MissingDependency>
        <Required key="24" type="26" schemaName="All Contacts (not available)" displayName="All Contacts (not available)" parentSchemaName="contact" parentDisplayName="#Raid Member" solution="msdynce_Service (9.0.5.56)" id="{3a3d00e4-ad90-4aa3-b9ab-1e4f82900d29}" />
        <Dependent key="24" type="26" schemaName="All Contacts (not available)" displayName="All Contacts (not available)" parentSchemaName="contact" parentDisplayName="#Raid Member" id="{3a3d00e4-ad90-4aa3-b9ab-1e4f82900d29}" />
      </MissingDependency>
      <MissingDependency>
        <Required key="25" type="26" schemaName="All Accounts" displayName="All Accounts" parentSchemaName="account" parentDisplayName="#Raid Team" solution="msdynce_AppCommon (9.0.4.0066)" id="{65ffaf9a-e8c5-432d-860b-32f841b00d87}" />
        <Dependent key="25" type="26" schemaName="All Accounts" displayName="All Accounts" parentSchemaName="account" parentDisplayName="#Raid Team" id="{65ffaf9a-e8c5-432d-860b-32f841b00d87}" />
      </MissingDependency>
      <MissingDependency>
        <Required key="26" type="26" schemaName="All Accounts (not available)" displayName="All Accounts (not available)" parentSchemaName="account" parentDisplayName="#Raid Team" solution="msdynce_Service (9.0.5.56)" id="{b18e750a-857b-49c5-8c4e-851ebc857e24}" />
        <Dependent key="26" type="26" schemaName="All Accounts (not available)" displayName="All Accounts (not available)" parentSchemaName="account" parentDisplayName="#Raid Team" id="{b18e750a-857b-49c5-8c4e-851ebc857e24}" />
      </MissingDependency>
      <MissingDependency>
        <Required key="27" type="26" schemaName="All Contacts" displayName="All Contacts" parentSchemaName="contact" parentDisplayName="#Raid Member" solution="msdynce_AppCommon (9.0.4.0066)" id="{0d5d377b-5e7c-47b5-bab1-a5cb8b4ac105}" />
        <Dependent key="27" type="26" schemaName="All Contacts" displayName="All Contacts" parentSchemaName="contact" parentDisplayName="#Raid Member" id="{0d5d377b-5e7c-47b5-bab1-a5cb8b4ac105}" />
      </MissingDependency>
      <MissingDependency>
        <Required key="28" type="26" schemaName="My Open Opportunities" displayName="My Open Opportunities" parentSchemaName="opportunity" parentDisplayName="Opportunity" solution="msdynce_Sales (9.0.4.0076)" id="{00000000-0000-0000-00aa-000010003000}" />
        <Dependent key="11" type="60" displayName="AI for Sales" parentDisplayName="#Raid Member" id="{293c878f-f068-40a0-ae48-4297e060871c}" />
      </MissingDependency>
      <MissingDependency>
        <Required key="29" type="26" schemaName="Recent Opportunities" displayName="Recent Opportunities" parentSchemaName="opportunity" parentDisplayName="Opportunity" solution="msdynce_Sales (9.0.4.0076)" id="{9c3f7ee8-eca7-e211-9fb6-00155dd0ea05}" />
        <Dependent key="11" type="60" displayName="AI for Sales" parentDisplayName="#Raid Member" id="{293c878f-f068-40a0-ae48-4297e060871c}" />
      </MissingDependency>
      <MissingDependency>
        <Required key="30" type="59" schemaName="Top Customers" displayName="Top Customers" parentSchemaName="opportunity" parentDisplayName="Opportunity" solution="msdynce_Sales (9.0.4.0076)" id="{8bc5fb18-48f2-4782-9e16-3d452fa4ddce}" />
        <Dependent key="11" type="60" displayName="AI for Sales" parentDisplayName="#Raid Member" id="{293c878f-f068-40a0-ae48-4297e060871c}" />
      </MissingDependency>
      <MissingDependency>
        <Required key="31" type="59" schemaName="Letters by Month Due" displayName="Letters by Month Due" parentSchemaName="letter" parentDisplayName="#Effort Point" solution="msdynce_AppCommon (9.0.4.0066)" id="{82d85b44-0fa5-4009-b840-b409e784673a}" />
        <Dependent key="32" type="60" displayName="Raid Member" parentDisplayName="#Raid Member" id="{1fed44d1-ae68-4a41-bd2b-f13acac4acfa}" />
      </MissingDependency>
      <MissingDependency>
        <Required key="33" type="59" schemaName="Tasks by Month Due" displayName="Tasks by Month Due" parentSchemaName="task" parentDisplayName="#Gear Point" solution="msdynce_AppCommon (9.0.4.0066)" id="{9e6a8b06-6d14-46e6-bbf5-95c388c6eb7a}" />
        <Dependent key="32" type="60" displayName="Raid Member" parentDisplayName="#Raid Member" id="{1fed44d1-ae68-4a41-bd2b-f13acac4acfa}" />
      </MissingDependency>
      <MissingDependency>
        <Required key="11" type="60" displayName="AI for Sales" parentDisplayName="#Raid Member" solution="SICommon (9.0.2.99)" id="{293c878f-f068-40a0-ae48-4297e060871c}" />
        <Dependent key="11" type="60" displayName="AI for Sales" parentDisplayName="#Raid Member" id="{293c878f-f068-40a0-ae48-4297e060871c}" />
      </MissingDependency>
      <MissingDependency>
        <Required key="34" type="60" displayName="account contact card" parentDisplayName="#Raid Member" solution="msdynce_AppCommon (9.0.4.0066)" id="{29de27bc-a257-4f29-99cf-bab4a84e688f}" />
        <Dependent key="11" type="60" displayName="AI for Sales" parentDisplayName="#Raid Member" id="{293c878f-f068-40a0-ae48-4297e060871c}" />
      </MissingDependency>
      <MissingDependency>
        <Required key="35" type="60" displayName="contact card" parentDisplayName="#Raid Member" solution="msdynce_AppCommon (9.0.4.0066)" id="{707fc57b-c5e6-471b-a180-e37ed28a38e2}" />
        <Dependent key="21" type="60" displayName="Contact for Interactive experience" parentDisplayName="#Raid Member" id="{cc760212-3eab-4009-b5c3-ea9cf6f3e141}" />
      </MissingDependency>
      <MissingDependency>
        <Required key="36" type="60" displayName="App for Outlook Contact Card" parentDisplayName="#Raid Member" solution="AppforOutlook (1.2.13.0)" id="{cdbb9298-3b2e-41f3-8f4a-0168d6b09fc4}" />
        <Dependent key="36" type="60" displayName="App for Outlook Contact Card" parentDisplayName="#Raid Member" id="{cdbb9298-3b2e-41f3-8f4a-0168d6b09fc4}" />
      </MissingDependency>
      <MissingDependency>
        <Required key="37" type="60" displayName="Account Hierarchy Tile Form" parentDisplayName="#Raid Team" solution="msdynce_AppCommon (9.0.4.0066)" id="{69cff312-cfb6-4289-9631-249ab85d2c62}" />
        <Dependent key="37" type="60" displayName="Account Hierarchy Tile Form" parentDisplayName="#Raid Team" id="{69cff312-cfb6-4289-9631-249ab85d2c62}" />
      </MissingDependency>
      <MissingDependency>
        <Required key="38" type="60" displayName="Contact Reference Panel" parentDisplayName="#Raid Member" solution="msdynce_AppCommon (9.0.4.0066)" id="{d880c3cf-80e2-42f3-82f9-24d040d09f17}" />
        <Dependent key="38" type="60" displayName="Contact Reference Panel" parentDisplayName="#Raid Member" id="{d880c3cf-80e2-42f3-82f9-24d040d09f17}" />
      </MissingDependency>
      <MissingDependency>
        <Required key="39" type="60" displayName="Social Profiles" parentDisplayName="#Raid Team" solution="msdynce_AppCommon (9.0.4.0066)" id="{2205c86d-ed88-4a2f-a447-3b86a8781f2e}" />
        <Dependent key="39" type="60" displayName="Social Profiles" parentDisplayName="#Raid Team" id="{2205c86d-ed88-4a2f-a447-3b86a8781f2e}" />
      </MissingDependency>
      <MissingDependency>
        <Required key="40" type="60" displayName="Account Card form" parentDisplayName="#Raid Team" solution="msdynce_AppCommon (9.0.4.0066)" id="{cccff382-2b92-467e-bf1b-3db179512af8}" />
        <Dependent key="40" type="60" displayName="Account Card form" parentDisplayName="#Raid Team" id="{cccff382-2b92-467e-bf1b-3db179512af8}" />
      </MissingDependency>
      <MissingDependency>
        <Required key="41" type="60" displayName="Social Profiles" parentDisplayName="#Raid Member" solution="msdynce_AppCommon (9.0.4.0066)" id="{7bb87dfd-ec3e-4ed9-8e3e-5725d3067295}" />
        <Dependent key="41" type="60" displayName="Social Profiles" parentDisplayName="#Raid Member" id="{7bb87dfd-ec3e-4ed9-8e3e-5725d3067295}" />
      </MissingDependency>
      <MissingDependency>
        <Required key="42" type="60" displayName="Raid Member Quick Create" parentDisplayName="#Raid Member" solution="msdynce_AppCommon (9.0.4.0066)" id="{661157fe-2fc9-4eaa-835f-5bfa2f7b64f7}" />
        <Dependent key="42" type="60" displayName="Raid Member Quick Create" parentDisplayName="#Raid Member" id="{661157fe-2fc9-4eaa-835f-5bfa2f7b64f7}" />
      </MissingDependency>
      <MissingDependency>
        <Required key="43" type="60" displayName="Recent Cases and Entitlements" parentDisplayName="#Raid Member" solution="msdynce_AppCommon (9.0.4.0066)" id="{f3b707fb-3b5f-45f9-9c6b-5e573bb5d19e}" />
        <Dependent key="43" type="60" displayName="Recent Cases and Entitlements" parentDisplayName="#Raid Member" id="{f3b707fb-3b5f-45f9-9c6b-5e573bb5d19e}" />
      </MissingDependency>
      <MissingDependency>
        <Required key="44" type="60" displayName="Gear Point quick create form." parentDisplayName="#Gear Point" solution="msdynce_Activities (9.0.1.2033)" id="{a1c8a6dc-8804-4019-9c78-7dbe86560ea1}" />
        <Dependent key="44" type="60" displayName="Gear Point quick create form." parentDisplayName="#Gear Point" id="{a1c8a6dc-8804-4019-9c78-7dbe86560ea1}" />
      </MissingDependency>
      <MissingDependency>
        <Required key="45" type="60" displayName="Account Reference Panel" parentDisplayName="#Raid Team" solution="msdynce_AppCommon (9.0.4.0066)" id="{098ae145-1567-41ec-8398-86dbaac70c9b}" />
        <Dependent key="45" type="60" displayName="Account Reference Panel" parentDisplayName="#Raid Team" id="{098ae145-1567-41ec-8398-86dbaac70c9b}" />
      </MissingDependency>
      <MissingDependency>
        <Required key="46" type="60" displayName="Contact Quick Form" parentDisplayName="#Raid Member" solution="msdynce_AppCommon (9.0.4.0066)" id="{bdb0ae1c-32fa-4374-b637-8dafe107bc44}" />
        <Dependent key="46" type="60" displayName="Contact Quick Form" parentDisplayName="#Raid Member" id="{bdb0ae1c-32fa-4374-b637-8dafe107bc44}" />
      </MissingDependency>
      <MissingDependency>
        <Required key="47" type="60" displayName="Recent Cases and Entitlements" parentDisplayName="#Raid Team" solution="msdynce_Service (9.0.5.56)" id="{43300723-f867-420b-ab28-976a4d12e6c4}" />
        <Dependent key="47" type="60" displayName="Recent Cases and Entitlements" parentDisplayName="#Raid Team" id="{43300723-f867-420b-ab28-976a4d12e6c4}" />
      </MissingDependency>
      <MissingDependency>
        <Required key="48" type="60" displayName="Task for Interactive experience" parentDisplayName="#Gear Point" solution="msdynce_Activities (9.0.1.2033)" id="{d5b4a1b2-de4f-4f86-8768-b0730001e7d1}" />
        <Dependent key="48" type="60" displayName="Task for Interactive experience" parentDisplayName="#Gear Point" id="{d5b4a1b2-de4f-4f86-8768-b0730001e7d1}" />
      </MissingDependency>
      <MissingDependency>
        <Required key="49" type="60" displayName="Account for Interactive experience" parentDisplayName="#Raid Team" solution="msdynce_AppCommon (9.0.4.0066)" id="{a72c7955-442b-4ea4-9499-b10cd18b4256}" />
        <Dependent key="49" type="60" displayName="Account for Interactive experience" parentDisplayName="#Raid Team" id="{a72c7955-442b-4ea4-9499-b10cd18b4256}" />
      </MissingDependency>
      <MissingDependency>
        <Required key="34" type="60" displayName="account contact card" parentDisplayName="#Raid Member" solution="msdynce_AppCommon (9.0.4.0066)" id="{29de27bc-a257-4f29-99cf-bab4a84e688f}" />
        <Dependent key="34" type="60" displayName="account contact card" parentDisplayName="#Raid Member" id="{29de27bc-a257-4f29-99cf-bab4a84e688f}" />
      </MissingDependency>
      <MissingDependency>
        <Required key="50" type="60" displayName="Gear Point" parentDisplayName="#Gear Point" solution="msdynce_Activities (9.0.1.2033)" id="{16654191-19ad-48ca-9e46-c4b4fbdad76f}" />
        <Dependent key="50" type="60" displayName="Gear Point" parentDisplayName="#Gear Point" id="{16654191-19ad-48ca-9e46-c4b4fbdad76f}" />
      </MissingDependency>
      <MissingDependency>
        <Required key="51" type="60" displayName="Contact Card form" parentDisplayName="#Raid Member" solution="msdynce_AppCommon (9.0.4.0066)" id="{bc0f68dd-a4b1-4a8f-bed3-c8f5db2f89cf}" />
        <Dependent key="51" type="60" displayName="Contact Card form" parentDisplayName="#Raid Member" id="{bc0f68dd-a4b1-4a8f-bed3-c8f5db2f89cf}" />
      </MissingDependency>
      <MissingDependency>
        <Required key="52" type="60" displayName="account card" parentDisplayName="#Raid Team" solution="msdynce_AppCommon (9.0.4.0066)" id="{b028db32-3619-48a5-ac51-cf3f947b0ef3}" />
        <Dependent key="52" type="60" displayName="account card" parentDisplayName="#Raid Team" id="{b028db32-3619-48a5-ac51-cf3f947b0ef3}" />
      </MissingDependency>
      <MissingDependency>
        <Required key="53" type="60" displayName="App for Outlook Contact Quick View" parentDisplayName="#Raid Member" solution="AppforOutlook (1.2.13.0)" id="{3d22ab88-96c8-4b3f-a533-d4827e2925c9}" />
        <Dependent key="53" type="60" displayName="App for Outlook Contact Quick View" parentDisplayName="#Raid Member" id="{3d22ab88-96c8-4b3f-a533-d4827e2925c9}" />
      </MissingDependency>
      <MissingDependency>
        <Required key="54" type="60" displayName="AI for Sales" parentDisplayName="#Raid Team" solution="SICommon (9.0.2.99)" id="{cb430327-bcc1-416d-959d-db7592e685af}" />
        <Dependent key="54" type="60" displayName="AI for Sales" parentDisplayName="#Raid Team" id="{cb430327-bcc1-416d-959d-db7592e685af}" />
      </MissingDependency>
      <MissingDependency>
        <Required key="35" type="60" displayName="contact card" parentDisplayName="#Raid Member" solution="msdynce_AppCommon (9.0.4.0066)" id="{707fc57b-c5e6-471b-a180-e37ed28a38e2}" />
        <Dependent key="35" type="60" displayName="contact card" parentDisplayName="#Raid Member" id="{707fc57b-c5e6-471b-a180-e37ed28a38e2}" />
      </MissingDependency>
      <MissingDependency>
        <Required key="21" type="60" displayName="Contact for Interactive experience" parentDisplayName="#Raid Member" solution="msdynce_LeadManagement (9.0.4.0066)" id="{cc760212-3eab-4009-b5c3-ea9cf6f3e141}" />
        <Dependent key="21" type="60" displayName="Contact for Interactive experience" parentDisplayName="#Raid Member" id="{cc760212-3eab-4009-b5c3-ea9cf6f3e141}" />
      </MissingDependency>
      <MissingDependency>
        <Required key="32" type="60" displayName="Raid Member" parentDisplayName="#Raid Member" solution="msdynce_AppCommon (9.0.4.0066)" id="{1fed44d1-ae68-4a41-bd2b-f13acac4acfa}" />
        <Dependent key="32" type="60" displayName="Raid Member" parentDisplayName="#Raid Member" id="{1fed44d1-ae68-4a41-bd2b-f13acac4acfa}" />
      </MissingDependency>
      <MissingDependency>
        <Required key="55" type="60" displayName="Account Quick Create" parentDisplayName="#Raid Team" solution="msdynce_AppCommon (9.0.4.0066)" id="{c9e7ec2d-efca-4e4c-b3e3-f63c4bba5e4b}" />
        <Dependent key="55" type="60" displayName="Account Quick Create" parentDisplayName="#Raid Team" id="{c9e7ec2d-efca-4e4c-b3e3-f63c4bba5e4b}" />
      </MissingDependency>
      <MissingDependency>
        <Required key="56" type="60" displayName="Raid Team" parentDisplayName="#Raid Team" solution="msdynce_AppCommon (9.0.4.0066)" id="{8448b78f-8f42-454e-8e2a-f8196b0419af}" />
        <Dependent key="56" type="60" displayName="Raid Team" parentDisplayName="#Raid Team" id="{8448b78f-8f42-454e-8e2a-f8196b0419af}" />
      </MissingDependency>
      <MissingDependency>
        <Required key="9" type="62" schemaName="CRMHub" solution="msdynce_CRMHub (1.0.20170908.55)" />
        <Dependent key="9" type="62" schemaName="CRMHub" />
      </MissingDependency>
      <MissingDependency>
        <Required key="57" type="66" schemaName="MscrmControls.CardFeedContainer.CardFeedContainer" displayName="MscrmControls.CardFeedContainer.CardFeedContainer" solution="CustomControlsCore (9.1.0000.4834)" />
        <Dependent key="11" type="60" displayName="AI for Sales" parentDisplayName="#Raid Member" id="{293c878f-f068-40a0-ae48-4297e060871c}" />
      </MissingDependency>
      <MissingDependency>
        <Required key="58" type="90" schemaName="CalculateRollupStatistics, WoW.DKPEPGP.Plugins, Version=1.0.0.0, Culture=neutral, PublicKeyToken=37092ba255361a2a" displayName="CalculateRollupStatistics" solution="Active" id="{40b5a381-b13d-4d15-8b64-c378d4785769}" />
        <Dependent key="59" type="29" displayName="Refresh Raid Member Rollup Fields" id="{4d130b2f-2bc9-4934-8822-0328f1dbd456}" />
      </MissingDependency>
      <MissingDependency>
        <Required key="60" type="61" schemaName="AppCommon/Contact/Contact_main_system_library.js" displayName="AppCommon/Contact/Contact_main_system_library.js" solution="msdynce_AppCommon (9.0.4.0066)" />
        <Dependent key="32" type="60" displayName="Raid Member" parentDisplayName="#Raid Member" id="{1fed44d1-ae68-4a41-bd2b-f13acac4acfa}" />
      </MissingDependency>
      <MissingDependency>
        <Required key="61" type="61" schemaName="msdyn_appmanagementcontrol" displayName="msdyn_appmanagementcontrol" solution="AppModuleWebResources (2.5)" />
        <Dependent key="1" type="62" />
      </MissingDependency>
      <MissingDependency>
        <Required key="62" type="61" schemaName="Activities/SystemLibraries/Task_main_system_library.js" displayName="Activities/SystemLibraries/Task_main_system_library.js" solution="msdynce_Activities (9.0.1.2033)" />
        <Dependent key="44" type="60" displayName="Gear Point quick create form." parentDisplayName="#Gear Point" id="{a1c8a6dc-8804-4019-9c78-7dbe86560ea1}" />
      </MissingDependency>
      <MissingDependency>
        <Required key="60" type="61" schemaName="AppCommon/Contact/Contact_main_system_library.js" displayName="AppCommon/Contact/Contact_main_system_library.js" solution="msdynce_AppCommon (9.0.4.0066)" />
        <Dependent key="11" type="60" displayName="AI for Sales" parentDisplayName="#Raid Member" id="{293c878f-f068-40a0-ae48-4297e060871c}" />
      </MissingDependency>
    </MissingDependencies>
  </SolutionManifest>
</ImportExportXml>